category,products,avg_price,avg_rating,reviews,avg_discount
Car&Motorbike|CarAccessories|InteriorAccessories|AirPurifiers&Ionizers,1,2339.0,3.8,1118,42.0
Computers&Accessories|Accessories&Peripherals|Adapters|USBtoUSBAdapters,2,221.5,4.15,44261540,78.5
Computers&Accessories|Accessories&Peripherals|Audio&VideoAccessories|PCHeadsets,1,649.0,3.5,7222,35.0
Computers&Accessories|Accessories&Peripherals|Audio&VideoAccessories|PCMicrophones,2,574.0,3.5999999999999996,149692804,56.5
Computers&Accessories|Accessories&Peripherals|Audio&VideoAccessories|PCSpeakers,2,749.0,4.05,73525195,46.5
Computers&Accessories|Accessories&Peripherals|Audio&VideoAccessories|Webcams&VoIPEquipment|Webcams,2,1940.0,4.199999999999999,2039810976,44.5
Computers&Accessories|Accessories&Peripherals|Cables&Accessories|CableConnectionProtectors,3,99.0,4.033333333333333,139687511396,90.0
Computers&Accessories|Accessories&Peripherals|Cables&Accessories|Cables|DVICables,1,499.0,4.4,25177,55.0
Computers&Accessories|Accessories&Peripherals|Cables&Accessories|Cables|EthernetCables,2,262.5,4.4,83728076,54.0
Computers&Accessories|Accessories&Peripherals|Cables&Accessories|Cables|SATACables,1,349.0,3.9,817,65.0
Computers&Accessories|Accessories&Peripherals|Cables&Accessories|Cables|USBCables,233,360.7236909871244,4.151931330472103,242694399479289436316905248711518830411439941339194363226247681875743994130458159378276618420850749761934974355107524871135525764621076872426993789792925959259581883146567064131329746450200531492107732178060214235362426993782879110576127242699436342510971045654713120280624269766248712085017801717112113131321951280681423011075208502685549291938797430411195162557732575771312065581423265159378268593782957673613552545110911135522806178817491619378731878923993231831422497497785833562426915085626141846147424229051423625528791107529746295211793782651943633454010576731885104551523nan1075112545114896418730492658381511454nan83819763190224270439937928943641690524870151893041143994133919436422634768187578154399413045937793772085018424870135528188200527732602142324269439947928943641690524870151893041113391226247681875781593772766208501847497619339743551075135525754621076869792925958188314656706413132974628062104502005314977321780602142353610576127,59.377682403433475
Computers&Accessories|Accessories&Peripherals|HardDiskBags,3,298.3333333333333,4.333333333333333,13568210103025,54.333333333333336
Computers&Accessories|Accessories&Peripherals|HardDriveAccessories|Caddies,1,199.0,4.1,7333,75.0
"Computers&Accessories|Accessories&Peripherals|Keyboards,Mice&InputDevices|GraphicTablets",11,569.8181818181819,3.9818181818181815,73549638401117317791208352211354410261462,60.81818181818182
"Computers&Accessories|Accessories&Peripherals|Keyboards,Mice&InputDevices|Keyboard&MiceAccessories|DustCovers",2,77.0,3.4,152335692,87.5
"Computers&Accessories|Accessories&Peripherals|Keyboards,Mice&InputDevices|Keyboard&MiceAccessories|MousePads",8,368.625,4.375,4915176152810309998245342197317,61.25
"Computers&Accessories|Accessories&Peripherals|Keyboards,Mice&InputDevices|Keyboard&MouseSets",10,1188.7,4.05,3371715295173487241257712722371131741310443427,32.1
"Computers&Accessories|Accessories&Peripherals|Keyboards,Mice&InputDevices|Keyboards",5,1282.4,4.12,288293373530662261816146,35.0
"Computers&Accessories|Accessories&Peripherals|Keyboards,Mice&InputDevices|Mice",24,609.3333333333334,4.2875000000000005,613145431515973317611827927582583044348524018315345440523280925886231746301344110652505740991237534822375,42.041666666666664
Computers&Accessories|Accessories&Peripherals|LaptopAccessories,1,1399.0,4.3,11074,44.0
Computers&Accessories|Accessories&Peripherals|LaptopAccessories|Bags&Sleeves|LaptopSleeves&Slipcases,6,360.6666666666667,4.25,99401133097012868109222860,61.833333333333336
Computers&Accessories|Accessories&Peripherals|LaptopAccessories|CameraPrivacyCovers,3,122.33333333333333,4.3,1083325510833,25.666666666666668
Computers&Accessories|Accessories&Peripherals|LaptopAccessories|CoolingPads,2,799.0,4.1,274417601,45.0
Computers&Accessories|Accessories&Peripherals|LaptopAccessories|Lapdesks,14,672.5714285714286,4.064285714285714,690259032102204571087169064221739426423934347527401667,58.92857142857143
Computers&Accessories|Accessories&Peripherals|LaptopAccessories|LaptopChargers&PowerSupplies,5,809.2,3.9799999999999995,101742523459876892585,61.0
Computers&Accessories|Accessories&Peripherals|LaptopAccessories|NotebookComputerStands,3,415.6666666666667,4.3,247919034736,75.66666666666667
Computers&Accessories|Accessories&Peripherals|PCGamingPeripherals|Gamepads,3,899.0,4.266666666666667,25488334345736,52.333333333333336
Computers&Accessories|Accessories&Peripherals|PCGamingPeripherals|GamingKeyboards,3,1772.3333333333333,4.366666666666666,12714723408,39.0
Computers&Accessories|Accessories&Peripherals|PCGamingPeripherals|GamingMice,6,943.6666666666666,4.383333333333334,1813915790853710541107602301,33.5
Computers&Accessories|Accessories&Peripherals|PCGamingPeripherals|Headsets,3,1312.6666666666667,4.033333333333333,20431319914237,56.666666666666664
"Computers&Accessories|Accessories&Peripherals|TabletAccessories|Bags,Cases&Sleeves|Cases",2,549.0,4.3,110065556,70.5
Computers&Accessories|Accessories&Peripherals|TabletAccessories|ScreenProtectors,5,558.0,4.18,5730166804149670691,63.8
Computers&Accessories|Accessories&Peripherals|TabletAccessories|Stands,1,149.0,4.1,25607,70.0
Computers&Accessories|Accessories&Peripherals|USBGadgets|Lamps,5,104.8,3.94,59582413344135721552,16.0
Computers&Accessories|Accessories&Peripherals|USBHubs,5,553.0,3.94,93853201212516628566,43.4
Computers&Accessories|Accessories&Peripherals|UninterruptedPowerSupplies,1,3299.0,3.9,15783,20.0
Computers&Accessories|Components|InternalHardDrives,1,199.0,4.2,362,80.0
Computers&Accessories|Components|InternalSolidStateDrives,3,2277.0,4.3999999999999995,9292530292515,48.0
Computers&Accessories|Components|Memory,1,1792.0,4.5,26194,49.0
Computers&Accessories|ExternalDevices&DataStorage|ExternalHardDisks,6,3516.8333333333335,4.3999999999999995,508107300550273250067413944,27.0
Computers&Accessories|ExternalDevices&DataStorage|ExternalMemoryCardReaders,1,549.0,4.3,7758,45.0
Computers&Accessories|ExternalDevices&DataStorage|PenDrives,10,668.6,4.26,253105642733005855747534642302218910482356186564959,56.9
Computers&Accessories|NetworkingDevices,1,1199.0,4.1,11716,66.0
Computers&Accessories|NetworkingDevices|DataCards&Dongles,1,2099.0,3.8,11213,35.0
Computers&Accessories|NetworkingDevices|NetworkAdapters|BluetoothAdapters,1,599.0,4.3,95116,33.0
Computers&Accessories|NetworkingDevices|NetworkAdapters|PowerLANAdapters,1,1199.0,4.5,22420,40.0
Computers&Accessories|NetworkingDevices|NetworkAdapters|WirelessUSBAdapters,18,722.1111111111111,4.094444444444445,1796911209381312478017969110134197722420247801796924642231696121631209381312478010134,49.111111111111114
Computers&Accessories|NetworkingDevices|Repeaters&Extenders,3,1652.3333333333333,4.2,4955115663816182,54.333333333333336
Computers&Accessories|NetworkingDevices|Routers,9,1626.3333333333333,4.2555555555555555,350241224786840986562034222375107251267911113,44.666666666666664
"Computers&Accessories|Printers,Inks&Accessories|Inks,Toners&Cartridges|InkjetInkCartridges",4,612.5,4.25,7199861445673219,13.0
"Computers&Accessories|Printers,Inks&Accessories|Inks,Toners&Cartridges|InkjetInkRefills&Kits",1,549.0,4.3,1367,73.0
"Computers&Accessories|Printers,Inks&Accessories|Inks,Toners&Cartridges|TonerCartridges",1,598.0,4.1,2535,48.0
"Computers&Accessories|Printers,Inks&Accessories|Printers",3,5065.666666666667,3.6666666666666665,2176241998280,13.666666666666666
"Computers&Accessories|Printers,Inks&Accessories|Printers|InkjetPrinters",1,3498.0,3.4,12185,10.0
Electronics|Accessories|MemoryCards|MicroSD,13,839.7692307692307,4.330769230769231,672596725967259140036140036326256726067260672621400353262519624205052,58.84615384615385
Electronics|Accessories|MemoryCards|SecureDigitalCards,1,449.0,4.4,69585,44.0
Electronics|Cameras&Photography|Accessories|Batteries&Chargers|BatteryChargers,1,299.0,3.8,40895,25.0
Electronics|Cameras&Photography|Accessories|Cleaners|CleaningKits,1,299.0,4.2,24432,40.0
Electronics|Cameras&Photography|Accessories|Film,1,549.0,4.5,4875,0.0
Electronics|Cameras&Photography|Accessories|PhotoStudio&Lighting|PhotoBackgroundAccessories|BackgroundSupports,1,699.0,4.3,6183,46.0
Electronics|Cameras&Photography|Accessories|Tripods&Monopods|CompleteTripodUnits,1,1549.0,4.4,15137,38.0
Electronics|Cameras&Photography|Accessories|Tripods&Monopods|Tabletop&TravelTripods,2,562.5,4.35,2713910773,69.5
Electronics|Cameras&Photography|Accessories|Tripods&Monopods|TripodLegs,2,374.0,4.05,213726676,62.5
Electronics|Cameras&Photography|Flashes|Macro&RinglightFlashes,1,799.0,3.8,12958,60.0
Electronics|Cameras&Photography|SecurityCameras|DomeCameras,5,2757.2,4.1,9311218803606446965554,42.6
Electronics|Cameras&Photography|VideoCameras,1,499.0,3.7,3369,75.0
Electronics|GeneralPurposeBatteries&BatteryChargers,4,489.25,4.375,2655635748525996,23.5
Electronics|GeneralPurposeBatteries&BatteryChargers|DisposableBatteries,7,327.42857142857144,4.414285714285715,28030644178109892866315992111,14.285714285714286
Electronics|GeneralPurposeBatteries&BatteryChargers|RechargeableBatteries,3,376.0,4.166666666666667,116872720113971,13.333333333333334
"Electronics|Headphones,Earbuds&Accessories|Adapters",2,120.0,3.9,64916491,88.0
"Electronics|Headphones,Earbuds&Accessories|Cases",1,119.0,4.3,15032,76.0
"Electronics|Headphones,Earbuds&Accessories|Earpads",1,99.0,3.8,594,90.0
"Electronics|Headphones,Earbuds&Accessories|Headphones|In-Ear",50,879.44,3.9,19259058162363713378173637131820283996161679315391925893153936371113695418099814184121764192587929957702791770206950410986416167714961283243390103052119466110151245253648877984752135173454273189259101462991692492676117312966227219137604272563228498250,57.6
"Electronics|Headphones,Earbuds&Accessories|Headphones|On-Ear",8,1113.625,4.0625,97175107151335846002613797427759717491188,52.375
"Electronics|Headphones,Earbuds&Accessories|Headphones|Over-Ear",2,1224.0,4.0,5519213049,69.0
Electronics|HomeAudio|Accessories|Adapters,1,209.0,4.4,18872,65.0
Electronics|HomeAudio|Accessories|SpeakerAccessories|Mounts,1,349.0,4.0,3295,73.0
Electronics|HomeAudio|MediaStreamingDevices|StreamingClients,1,4699.0,4.5,224,0.0
Electronics|HomeAudio|Speakers|BluetoothSpeakers,6,1249.0,4.05,1779647056389941226107512908,48.5
Electronics|HomeAudio|Speakers|MultimediaSpeakerSystems,1,499.0,3.9,6742,38.0
Electronics|HomeAudio|Speakers|OutdoorSpeakers,4,1049.0,4.0,304691833141825262,56.25
Electronics|HomeAudio|Speakers|TowerSpeakers,1,2299.0,3.8,282,43.0
"Electronics|HomeTheater,TV&Video|AVReceivers&Amplifiers",1,1990.0,4.0,897,36.0
"Electronics|HomeTheater,TV&Video|Accessories|3DGlasses",1,2699.0,3.5,621,23.0
"Electronics|HomeTheater,TV&Video|Accessories|Cables|HDMICables",24,406.2916666666667,4.254166666666667,42697310962121534269734269732863812835366424440541237910871435877102947121532521653901714269721096212153,59.791666666666664
"Electronics|HomeTheater,TV&Video|Accessories|Cables|OpticalCables",3,663.6666666666666,4.133333333333334,30023356530023,46.333333333333336
"Electronics|HomeTheater,TV&Video|Accessories|Cables|RCACables",2,464.0,4.300000000000001,695384296,50.5
"Electronics|HomeTheater,TV&Video|Accessories|Cables|SpeakerCables",1,399.0,4.4,12091,50.0
"Electronics|HomeTheater,TV&Video|Accessories|RemoteControls",49,438.9387755102041,3.8,493296022013210794145158850559037284195128513831225411933435763134904072640839339197928425246479466431133519732318510351323708121731335214143200227538136,59.51020408163265
"Electronics|HomeTheater,TV&Video|Accessories|TVMounts,Stands&Turntables|TVWall&CeilingMounts",6,872.6666666666666,4.033333333333333,2727116112361796184106,51.166666666666664
"Electronics|HomeTheater,TV&Video|SatelliteEquipment|SatelliteReceivers",3,1155.0,4.266666666666667,76363300301,51.333333333333336
Electronics|Mobiles&Accessories|MobileAccessories|AutomobileAccessories|Cradles,3,479.0,3.966666666666667,46399362618654,60.333333333333336
Electronics|Mobiles&Accessories|MobileAccessories|Cables&Adapters|OTGAdapters,2,139.0,4.25,141854971,72.0
Electronics|Mobiles&Accessories|MobileAccessories|Cases&Covers|BasicCases,4,637.75,4.2,2646474018011454,70.75
Electronics|Mobiles&Accessories|MobileAccessories|Chargers|AutomobileChargers,5,495.8,4.18,14282168049691428338221,58.0
Electronics|Mobiles&Accessories|MobileAccessories|Chargers|PowerBanks,12,1551.5833333333333,4.125,17891215970178912722218678178912722283803638431561867836384,38.0
Electronics|Mobiles&Accessories|MobileAccessories|Chargers|WallChargers,16,546.875,4.14375,889174628599131514404113391777219163197349221471191440421471414403,51.4375
Electronics|Mobiles&Accessories|MobileAccessories|Décor,5,101.4,4.16,59991949194959991949,73.2
Electronics|Mobiles&Accessories|MobileAccessories|Décor|PhoneCharms,1,99.0,4.4,305,90.0
"Electronics|Mobiles&Accessories|MobileAccessories|Maintenance,Upkeep&Repairs|ScreenProtectors",7,577.7142857142857,4.471428571428571,266037779612959688914674714,66.85714285714286
Electronics|Mobiles&Accessories|MobileAccessories|Mounts|Bedstand&DeskMounts,2,375.0,3.9,32341475,74.5
Electronics|Mobiles&Accessories|MobileAccessories|Mounts|HandlebarMounts,1,689.0,4.3,1193,66.0
Electronics|Mobiles&Accessories|MobileAccessories|Mounts|Shower&WallMounts,1,89.0,4.1,9340,82.0
Electronics|Mobiles&Accessories|MobileAccessories|Photo&VideoAccessories|Flashes&SelfieLights|SelfieLights,1,1699.0,4.1,14371,51.0
Electronics|Mobiles&Accessories|MobileAccessories|Photo&VideoAccessories|SelfieSticks,5,999.0,4.26,3382245145603382245,65.4
Electronics|Mobiles&Accessories|MobileAccessories|Photo&VideoAccessories|Tripods,1,539.0,3.8,14648,66.0
Electronics|Mobiles&Accessories|MobileAccessories|Stands,10,179.0,4.159999999999999,4264117861668528978235124511042897824515072,76.4
Electronics|Mobiles&Accessories|MobileAccessories|StylusPens,8,1558.5,4.15,1712916557165571526171291655762331526,64.625
Electronics|Mobiles&Accessories|Smartphones&BasicMobiles|BasicMobiles,9,1721.888888888889,3.9111111111111114,128311128311128311128311937893781426616412352,18.555555555555557
Electronics|Mobiles&Accessories|Smartphones&BasicMobiles|Smartphones,7,6784.714285714285,4.042857142857143,78077807780731383630907313832313832,22.0
Electronics|PowerAccessories|SurgeProtectors,1,1289.0,4.5,20668,14.0
Electronics|WearableTechnology|SmartWatches,53,2089.4528301886794,3.9320754716981132,178311068921796302542263651793025417831696224844917831679502179617833154441537757144152688021796714844159258824075882815438879873841268110229226384653025417833106892179730254226385179696194844867951757192588268803130558523887930355,65.98113207547169
Health&PersonalCare|HomeMedicalSupplies&Equipment|HealthMonitors|WeighingScales|DigitalBathroomScales,1,899.0,4.0,3663,53.0
Home&Kitchen|CraftMaterials|DrawingMaterials|DrawingMedia|Pencils|WoodenPencils,1,99.0,4.3,5036,0.0
Home&Kitchen|CraftMaterials|DrawingMaterials|DrawingMedia|Pens,1,90.0,4.4,10718,10.0
Home&Kitchen|CraftMaterials|PaintingMaterials,1,230.0,4.5,9427,0.0
Home&Kitchen|CraftMaterials|PaintingMaterials|Paints,3,233.66666666666666,4.433333333333334,7203588210170,9.333333333333334
Home&Kitchen|CraftMaterials|Scrapbooking|Tape,1,130.0,3.9,14778,21.0
"Home&Kitchen|Heating,Cooling&AirQuality|Fans|CeilingFans",11,2055.909090909091,4.1090909090909085,1999828629965093499019135315382591171408982686,38.18181818181818
"Home&Kitchen|Heating,Cooling&AirQuality|Fans|ExhaustFans",3,1465.6666666666667,4.1000000000000005,1299978018031,24.666666666666668
"Home&Kitchen|Heating,Cooling&AirQuality|Fans|PedestalFans",1,1982.84,4.1,5873,40.0
"Home&Kitchen|Heating,Cooling&AirQuality|Fans|TableFans",2,1673.5,3.9499999999999997,4370397,42.0
"Home&Kitchen|Heating,Cooling&AirQuality|Humidifiers",3,2012.6666666666667,3.966666666666667,3973168212,39.333333333333336
"Home&Kitchen|Heating,Cooling&AirQuality|Parts&Accessories|FanParts&Accessories",1,699.0,4.1,3524,59.0
"Home&Kitchen|Heating,Cooling&AirQuality|RoomHeaters",1,2499.0,3.8,1889,50.0
"Home&Kitchen|Heating,Cooling&AirQuality|RoomHeaters|ElectricHeaters",19,1602.4615789473685,3.8736842105263154,1330026021163273224464701716952374929253562034241127550,35.26315789473684
"Home&Kitchen|Heating,Cooling&AirQuality|RoomHeaters|FanHeaters",17,1203.764705882353,3.770588235294117,18543141202911111118531316663159215757817195,42.88235294117647
"Home&Kitchen|Heating,Cooling&AirQuality|RoomHeaters|HalogenHeaters",2,1804.0,3.6,787340,29.5
"Home&Kitchen|Heating,Cooling&AirQuality|RoomHeaters|HeatConvectors",2,2209.0,3.7,1558468,27.0
"Home&Kitchen|Heating,Cooling&AirQuality|WaterHeaters&Geysers|ImmersionRods",9,722.6666666666666,4.0777777777777775,36017172183366131657229927530350593195,31.77777777777778
"Home&Kitchen|Heating,Cooling&AirQuality|WaterHeaters&Geysers|InstantWaterHeaters",23,2402.1739130434785,4.052173913043478,119242178310324538035292444149471296193842646252328942638561358458872779686311812591,48.04347826086956
"Home&Kitchen|Heating,Cooling&AirQuality|WaterHeaters&Geysers|StorageWaterHeaters",2,4874.0,4.15,58652569,36.0
Home&Kitchen|HomeStorage&Organization|LaundryOrganization|IroningAccessories|SprayBottles,2,137.0,4.15,2737212,47.0
Home&Kitchen|HomeStorage&Organization|LaundryOrganization|LaundryBags,1,320.0,4.2,3846,60.0
Home&Kitchen|HomeStorage&Organization|LaundryOrganization|LaundryBaskets,13,394.92769230769227,3.9923076923076923,53801051368819961023459111470296727433079452871108,44.84615384615385
Home&Kitchen|Kitchen&Dining|KitchenTools|ManualChoppers&Chippers|Choppers,1,199.0,4.1,270563,60.0
"Home&Kitchen|Kitchen&HomeAppliances|Coffee,Tea&Espresso|CoffeeGrinders|ElectricGrinders",1,244.0,3.3,478,51.0
"Home&Kitchen|Kitchen&HomeAppliances|Coffee,Tea&Espresso|CoffeeMakerAccessories|MeasuringSpoons",3,204.0,4.2,232640744971,56.333333333333336
"Home&Kitchen|Kitchen&HomeAppliances|Coffee,Tea&Espresso|CoffeePresses",1,1099.0,4.5,1065,27.0
"Home&Kitchen|Kitchen&HomeAppliances|Coffee,Tea&Espresso|DripCoffeeMachines",5,1004.4,4.08,42386181456693178,37.4
"Home&Kitchen|Kitchen&HomeAppliances|Coffee,Tea&Espresso|EspressoMachines",1,4799.0,3.9,3815,17.0
"Home&Kitchen|Kitchen&HomeAppliances|Coffee,Tea&Espresso|MilkFrothers",3,519.0,3.733333333333333,1854401451,41.333333333333336
"Home&Kitchen|Kitchen&HomeAppliances|Coffee,Tea&Espresso|StovetopEspressoPots",1,599.0,4.2,590,54.0
Home&Kitchen|Kitchen&HomeAppliances|SewingMachines&Accessories|Sewing&EmbroideryMachines,3,1256.0,3.4333333333333336,106724492283,47.666666666666664
Home&Kitchen|Kitchen&HomeAppliances|SmallKitchenAppliances,1,2599.0,4.4,2116,39.0
Home&Kitchen|Kitchen&HomeAppliances|SmallKitchenAppliances|DeepFatFryers|AirFryers,1,3599.0,4.2,136,55.0
Home&Kitchen|Kitchen&HomeAppliances|SmallKitchenAppliances|DigitalKitchenScales,10,552.9,4.08,20314499421621527645845786316445323739,53.9
Home&Kitchen|Kitchen&HomeAppliances|SmallKitchenAppliances|DigitalKitchenScales|DigitalScales,2,519.0,4.3,96957,23.5
Home&Kitchen|Kitchen&HomeAppliances|SmallKitchenAppliances|EggBoilers,11,812.7272727272727,4.290909090909091,30961564662912401811140418024612300227827,52.90909090909091
Home&Kitchen|Kitchen&HomeAppliances|SmallKitchenAppliances|HandBlenders,19,1000.5263157894736,4.057894736842105,842718462103463555461429043281729547413111481988976055131314160222,41.68421052631579
Home&Kitchen|Kitchen&HomeAppliances|SmallKitchenAppliances|HandMixers,3,984.0,4.233333333333333,550152526531,42.0
Home&Kitchen|Kitchen&HomeAppliances|SmallKitchenAppliances|InductionCooktop,10,2113.9,4.05,540323138839724979111199150347801446919156,44.9
Home&Kitchen|Kitchen&HomeAppliances|SmallKitchenAppliances|JuicerMixerGrinders,12,2745.0833333333335,3.891666666666667,492726164220611217537241109513746527374200,44.166666666666664
Home&Kitchen|Kitchen&HomeAppliances|SmallKitchenAppliances|Juicers,2,3499.0,3.7,28103527,52.5
Home&Kitchen|Kitchen&HomeAppliances|SmallKitchenAppliances|Kettles&HotWaterDispensers|ElectricKettles,19,1117.2631578947369,4.031578947368421,12336531783633501559223484809028911742424661466784463052198231155177671015272518,39.0
Home&Kitchen|Kitchen&HomeAppliances|SmallKitchenAppliances|Kettles&HotWaterDispensers|Kettle&ToasterSets,13,971.1538461538462,3.9615384615384617,1403010749761193569317653112832517863892510663858,44.23076923076923
Home&Kitchen|Kitchen&HomeAppliances|SmallKitchenAppliances|Mills&Grinders|WetGrinders,2,3683.83,3.8,128371662,21.5
Home&Kitchen|Kitchen&HomeAppliances|SmallKitchenAppliances|MiniFoodProcessors&Choppers,8,1285.375,4.0375,794616461498167915586027441113,41.875
Home&Kitchen|Kitchen&HomeAppliances|SmallKitchenAppliances|MixerGrinders,26,2851.0953846153843,3.9961538461538457,65304405041349253401406226543438343070118282086988664978466489587988520621624221100465501846108514087771332751,44.34615384615385
Home&Kitchen|Kitchen&HomeAppliances|SmallKitchenAppliances|OvenToasterGrills,2,5149.0,4.25,88739734,9.5
Home&Kitchen|Kitchen&HomeAppliances|SmallKitchenAppliances|Pop-upToasters,3,1564.3333333333333,4.333333333333333,794942449331,13.0
Home&Kitchen|Kitchen&HomeAppliances|SmallKitchenAppliances|Rice&PastaCookers,5,2651.8,3.96,4411340637402904118,31.8
Home&Kitchen|Kitchen&HomeAppliances|SmallKitchenAppliances|RotiMakers,1,1999.0,4.4,388,33.0
Home&Kitchen|Kitchen&HomeAppliances|SmallKitchenAppliances|SandwichMakers,11,1465.5454545454545,4.1000000000000005,4010613127282471656231410451672237759676987,32.36363636363637
Home&Kitchen|Kitchen&HomeAppliances|SmallKitchenAppliances|SmallApplianceParts&Accessories,1,688.0,4.5,2280,8.0
Home&Kitchen|Kitchen&HomeAppliances|SmallKitchenAppliances|SmallApplianceParts&Accessories|StandMixerAccessories,1,635.0,4.3,4570,0.0
Home&Kitchen|Kitchen&HomeAppliances|SmallKitchenAppliances|VacuumSealers,7,387.42857142857144,3.6714285714285713,1962127811297287761724,31.428571428571427
Home&Kitchen|Kitchen&HomeAppliances|SmallKitchenAppliances|WaffleMakers&Irons,3,999.0,4.033333333333333,832120239,53.333333333333336
Home&Kitchen|Kitchen&HomeAppliances|SmallKitchenAppliances|YogurtMakers,1,587.0,4.1,557,55.0
"Home&Kitchen|Kitchen&HomeAppliances|Vacuum,Cleaning&Ironing|Irons,Steamers&Accessories|Irons|DryIrons",24,762.1666666666666,4.129166666666666,23316242471302915453466471616653553712615593036977225045807619722348671732591110632714184640040221868,34.25
"Home&Kitchen|Kitchen&HomeAppliances|Vacuum,Cleaning&Ironing|Irons,Steamers&Accessories|Irons|SteamIrons",12,3071.25,4.033333333333333,37974128248812112768131601393229919546111899771,23.833333333333332
"Home&Kitchen|Kitchen&HomeAppliances|Vacuum,Cleaning&Ironing|Irons,Steamers&Accessories|LintShavers",22,505.6363636363636,4.036363636363636,35784859257900354360412466101660132290213879101510213861367101229822,51.31818181818182
"Home&Kitchen|Kitchen&HomeAppliances|Vacuum,Cleaning&Ironing|PressureWashers,Steam&WindowCleaners",2,4844.0,4.199999999999999,1017297,46.5
"Home&Kitchen|Kitchen&HomeAppliances|Vacuum,Cleaning&Ironing|Vacuums&FloorCare|VacuumAccessories|VacuumBags|HandheldBags",1,253.0,4.3,2664,49.0
"Home&Kitchen|Kitchen&HomeAppliances|Vacuum,Cleaning&Ironing|Vacuums&FloorCare|Vacuums|CanisterVacuums",2,3299.0,4.05,3293111935,31.5
"Home&Kitchen|Kitchen&HomeAppliances|Vacuum,Cleaning&Ironing|Vacuums&FloorCare|Vacuums|HandheldVacuums",7,2177.714285714286,3.942857142857143,14368463743992326687260,35.57142857142857
"Home&Kitchen|Kitchen&HomeAppliances|Vacuum,Cleaning&Ironing|Vacuums&FloorCare|Vacuums|Wet-DryVacuums",1,3199.0,4.0,3242,47.0
Home&Kitchen|Kitchen&HomeAppliances|WaterPurifiers&Accessories|WaterCartridges,3,793.0,4.033333333333333,1325025937786,3.0
Home&Kitchen|Kitchen&HomeAppliances|WaterPurifiers&Accessories|WaterFilters&Purifiers,3,1398.6666666666667,3.9,3160114561888,6.333333333333333
Home&Kitchen|Kitchen&HomeAppliances|WaterPurifiers&Accessories|WaterPurifierAccessories,11,409.54545454545456,3.9181818181818184,10907474037324614361306100449013791591090,40.81818181818182
HomeImprovement|Electrical|Adapters&Multi-Outlets,1,425.0,4.0,2581,57.0
HomeImprovement|Electrical|CordManagement,1,249.0,4.5,5985,58.0
MusicalInstruments|Microphones|Condenser,2,638.0,3.9,6866420218,46.0
OfficeProducts|OfficeElectronics|Calculators|Basic,1,440.0,4.5,8610,0.0
OfficeProducts|OfficeElectronics|Calculators|Financial&Business,1,535.0,4.4,4426,0.0
OfficeProducts|OfficeElectronics|Calculators|Scientific,2,908.5,4.45,576012179,2.5
OfficeProducts|OfficePaperProducts|Paper|Copy&PrintingPaper|ColouredPaper,1,99.0,4.3,388,0.0
"OfficeProducts|OfficePaperProducts|Paper|Stationery|Notebooks,WritingPads&Diaries",1,1399.0,4.3,3530,53.0
"OfficeProducts|OfficePaperProducts|Paper|Stationery|Notebooks,WritingPads&Diaries|CompositionNotebooks",7,227.14285714285714,4.371428571428572,378580533182126941916744951,12.0
"OfficeProducts|OfficePaperProducts|Paper|Stationery|Notebooks,WritingPads&Diaries|Notepads&MemoBooks",2,144.0,4.25,93447429,62.0
"OfficeProducts|OfficePaperProducts|Paper|Stationery|Notebooks,WritingPads&Diaries|WireboundNotebooks",4,141.25,4.4,8618653789384428,5.75
"OfficeProducts|OfficePaperProducts|Paper|Stationery|Pens,Pencils&WritingSupplies|Pens&Refills|BottledInk",2,95.0,4.3,30953061,5.0
"OfficeProducts|OfficePaperProducts|Paper|Stationery|Pens,Pencils&WritingSupplies|Pens&Refills|FountainPens",1,225.0,4.1,4798,0.0
"OfficeProducts|OfficePaperProducts|Paper|Stationery|Pens,Pencils&WritingSupplies|Pens&Refills|GelInkRollerballPens",2,150.0,4.25,57922628,0.0
"OfficeProducts|OfficePaperProducts|Paper|Stationery|Pens,Pencils&WritingSupplies|Pens&Refills|LiquidInkRollerballPens",2,255.0,4.15,61991926,5.0
"OfficeProducts|OfficePaperProducts|Paper|Stationery|Pens,Pencils&WritingSupplies|Pens&Refills|RetractableBallpointPens",2,329.0,4.3,57192450,17.5
"OfficeProducts|OfficePaperProducts|Paper|Stationery|Pens,Pencils&WritingSupplies|Pens&Refills|StickBallpointPens",3,244.33333333333334,4.133333333333333,430836862493,13.0
Toys&Games|Arts&Crafts|Drawing&PaintingSupplies|ColouringPens&Markers,1,150.0,4.3,15867,0.0
